"DESCRIPTION","DURATION IN MS","NAME","PARENT SUITE","START TIME","STATUS","STOP TIME","SUB SUITE","SUITE","TEST CLASS","TEST METHOD"
"","1603","Hompepage of Application","firefox","2026-09-17","failed","2026-09-17","OVR Application","Homepage.spec.ts","",""
"","728051","BOOKING APPLICATION","chromium","2026-09-18","passed","2026-09-18","","ovr.spec.ts","",""
"","30226","BOOKING APPLICATION","firefox","2026-09-18","broken","2026-09-18","",".spec.ts","",""
"","11828","Hompepage of Application","chromium","2026-09-17","failed","2026-09-17","OVR Application","Homepage.spec.ts","",""
"","30206","BOOKING APPLICATION","webkit","2026-09-18","broken","2026-09-18","","Booking.spec.ts","",""
"","7658","BOOKING APPLICATION","chromium","2026-09-18","passed","2026-09-18","","Booking.spec.ts","",""
"","1035","Hompepage of Application","webkit","2026-09-17","failed","2026-09-17","OVR Application","Homepage.spec.ts","",""
"","606220","Bus Ticket Booking Testing","chromium","2026-09-17","failed","2026-09-17","OVR TRAVELS","hh.spec.ts","",""
"","30245","BOOKING APPLICATION","firefox","2026-09-18","broken","2026-09-18","","Booking.spec.ts","",""
"","30431","BOOKING APPLICATION","webkit","2026-09-18","broken","2026-09-18","",".spec.ts","",""
"","30126","BOOKING APPLICATION","chromium","2026-09-18","broken","2026-09-18","",".spec.ts","",""
"","47702","BOOKING APPLICATION","chromium","2026-09-17","failed","2026-09-17","ovr application","ovr.spec.ts","",""
"","89635","Bus Ticket Booking Testing","chromium","2026-09-17","failed","2026-09-17","OVR TRAVELS","Homepage.spec.ts","",""
